"sn","flow_TWname","flow_ENname"
3,"不分區",""
6,"水利處",""
9,"塔寮坑溪",""
12,"林邊溪",""
15,"石門水庫",""
18,"新呂武溪",""
21,"淡水河桃竹",""
24,"東北角地區",""
27,"蘭陽溪",""
30,"臺北地區",""
33,"大安大甲苗栗",""
36,"濁水溪彰化",""
39,"烏溪",""
42,"嘉南地區",""
45,"曾文溪",""
48,"高屏溪高屏",""
51,"恆春地區",""
54,"高雄區域",""
57,"臺東地區",""
60,"秀姑巒溪",""
63,"花蓮溪",""
66,"曾文水庫",""
69,"翡翠水庫",""
72,"大竹溪",""
75,"大鳥溪",""
78,"大甲溪",""
81,"水璉溪",""
84,"淡水河",""
87,"後龍溪",""
90,"濁水溪",""
93,"太麻里沿海",""
96,"頭前溪",""
99,"高屏溪",""
102,"卑南溪",""
105,"雙溪",""
108,"大安溪",""
111,"虎尾溪",""
114,"東港溪",""
117,"金崙溪",""
120,"卡那岸沿海",""
123,"知本溪",""
126,"新虎尾溪",""
